(no genres listed),Action,Adventure,Animation,Children,Comedy,Crime,Documentary,Drama,Fantasy,Film-Noir,Horror,IMAX,Musical,Mystery,Romance,Sci-Fi,Thriller,War,Western
-,-,-,4.0,-,-,4.209677419354839,-,-,-,4.0,-,-,4.0,-,-,-,-,4.2,-
-,-,-,4.5,4.333333333333333,-,4.333333333333333,-,4.363636363636363,4.25,-,-,-,-,-,-,-,-,-,-
-,-,-,-,-,-,4.0,5.0,-,-,-,4.0,4.0,-,4.25,-,-,-,-,-
-,-,-,4.75,4.333333333333333,-,-,-,4.342105263157895,-,-,-,-,-,4.4,-,-,-,4.5625,-
-,-,-,4.095238095238095,3.9047619047619047,-,-,-,-,3.84375,-,-,4.277777777777778,4.090909090909091,-,-,-,-,-,-
-,-,-,-,-,-,4.363636363636363,-,-,-,-,4.5,-,4.5,-,4.366666666666666,4.333333333333333,-,-,-
-,-,-,-,-,-,3.8548387096774195,4.0,-,-,5.0,-,-,5.0,3.861111111111111,-,-,-,-,-
-,-,-,4.333333333333333,4.166666666666667,-,-,-,4.133333333333334,4.0,-,-,-,-,4.333333333333333,-,-,-,-,-
-,-,-,-,-,-,3.0869565217391304,3.0,-,-,-,-,4.0,-,-,-,-,2.8666666666666667,3.0,-
-,-,-,4.25,4.25,-,4.0,-,-,-,-,4.0,-,-,-,-,-,-,4.0,-
-,-,3.8125,3.8461538461538463,-,-,-,-,-,-,-,4.0,-,-,-,-,3.9047619047619047,-,3.6666666666666665,-
-,-,4.0,4.5,4.5,-,-,-,-,4.125,-,-,-,4.5,-,-,-,-,-,-
-,-,-,-,3.5,3.6,-,-,3.727272727272727,3.625,-,-,-,-,3.875,-,-,-,-,-
-,-,-,4.0,4.333333333333333,-,5.0,-,-,4.0,-,-,-,5.0,-,-,-,-,-,-
-,-,-,5.0,5.0,-,-,-,-,-,5.0,-,5.0,5.0,-,-,-,-,-,-
-,4.333333333333333,-,-,-,-,-,-,-,-,-,4.666666666666667,-,-,4.5,-,4.454545454545454,4.25,-,-
-,-,4.293103448275862,4.7,4.375,-,-,-,-,-,-,-,-,-,4.5,-,4.317073170731708,-,-,-
-,-,-,3.9375,-,-,-,-,-,3.6923076923076925,4.0,-,-,-,4.033333333333333,3.892857142857143,-,-,-,-
-,-,-,-,-,-,-,4.25,3.858108108108108,-,-,-,-,-,3.8333333333333335,-,-,-,4.117647058823529,4.0
-,-,3.9285714285714284,-,-,-,3.9375,-,-,-,-,-,4.333333333333333,-,4.214285714285714,-,-,4.166666666666667,-,-
-,-,4.020408163265306,4.0,-,-,-,4.5,-,-,-,-,-,-,-,-,-,-,4.071428571428571,4.0
-,-,-,3.769230769230769,-,-,-,-,3.448051948051948,-,3.5,-,4.5,-,3.433333333333333,-,-,-,-,-
-,-,-,-,-,-,-,3.7,-,-,-,3.75,-,-,3.6875,3.75,-,-,3.8,-
-,-,-,-,-,-,4.043478260869565,-,-,-,4.705882352941177,-,-,-,4.104166666666667,4.17948717948718,-,-,4.222222222222222,-
-,-,3.1666666666666665,3.4,-,-,-,-,-,-,-,-,-,3.0,3.5,-,-,-,4.0,-
-,-,-,3.5,3.5,-,4.5,-,3.5,3.75,-,-,-,-,-,-,-,-,-,-
-,-,-,-,-,-,4.6,-,-,-,-,-,-,-,5.0,4.181818181818182,-,5.0,4.333333333333333,-
-,-,-,3.75,-,-,-,4.0,-,-,4.0,4.0,4.0,-,-,-,-,-,-,-
-,-,3.459016393442623,-,-,-,-,-,-,-,-,3.5555555555555554,3.6666666666666665,-,3.4705882352941178,-,3.6136363636363638,-,-,-
-,4.144444444444445,-,-,-,-,4.125,-,4.0,-,-,4.0,4.318181818181818,-,-,-,-,-,-,-
-,-,-,-,-,-,3.9285714285714284,-,4.0,-,-,4.0,-,-,-,4.0,-,-,4.25,-
-,-,-,-,-,-,4.448275862068965,-,4.356060606060606,-,4.75,-,-,-,4.352941176470588,-,-,-,4.481481481481482,-
-,-,-,-,4.333333333333333,-,-,5.0,-,4.5,-,-,-,-,4.333333333333333,-,-,-,4.375,-
-,-,-,-,-,-,-,-,-,-,5.0,-,-,4.666666666666667,4.666666666666667,-,4.6,-,5.0,-
-,3.769230769230769,-,4.0,-,3.923076923076923,4.428571428571429,-,3.8333333333333335,-,-,-,-,-,-,-,-,-,-,-
-,-,-,4.0,4.0,-,4.0,-,-,4.0,-,-,-,-,5.0,-,-,-,-,-
-,-,-,-,-,-,4.40625,-,-,4.25,4.571428571428571,4.5,-,-,4.55,-,-,-,-,-
-,-,-,-,-,-,3.6206896551724137,-,3.2572815533980584,-,-,-,3.156862745098039,3.183333333333333,3.475,-,-,-,-,-
-,-,-,4.333333333333333,4.333333333333333,4.285714285714286,-,-,-,-,-,-,5.0,-,-,4.666666666666667,-,-,-,-
-,-,-,-,-,3.5,4.0,-,-,-,-,3.0,-,-,-,3.4285714285714284,-,-,4.0,-
-,-,4.535714285714286,-,4.617647058823529,-,-,5.0,-,-,-,-,4.75,4.555555555555555,-,-,-,-,-,-
-,-,-,4.75,-,-,-,-,-,4.583333333333333,-,-,5.0,4.833333333333333,-,4.685185185185185,-,-,-,-
-,-,-,-,-,-,-,-,3.75,-,-,4.5,-,-,4.25,-,-,3.75,-,5.0
-,-,-,-,3.6333333333333333,-,-,4.5,-,3.578125,4.5,-,-,-,3.5789473684210527,-,-,-,-,-
-,-,-,-,-,-,4.166666666666667,4.0,-,-,4.5,-,4.0,-,-,-,-,-,4.142857142857143,-
-,-,4.222222222222222,-,-,-,4.083333333333333,5.0,-,-,-,-,-,-,4.25,-,-,-,4.666666666666667,-
-,-,-,-,4.454545454545454,-,-,4.5,-,4.571428571428571,-,5.0,-,4.6,-,-,-,-,-,-
-,-,-,-,-,-,4.0,-,4.1,-,-,-,-,-,3.5,3.8333333333333335,-,-,-,4.0
-,3.642857142857143,4.0,-,-,-,-,-,-,5.0,-,4.0,-,-,3.6666666666666665,-,-,-,-,-
-,-,-,-,-,-,3.3333333333333335,3.5,3.2777777777777777,-,-,4.0,-,3.5,-,-,-,-,-,-
-,4.222222222222222,4.0,-,-,-,4.2,-,-,-,-,4.5,-,-,-,-,4.25,-,-,-
-,-,-,-,3.888888888888889,3.7903225806451615,-,-,3.7954545454545454,3.8214285714285716,-,-,4.0,-,-,-,-,-,-,-
-,-,-,-,-,-,-,-,4.0,-,-,4.0,-,5.0,-,4.0,-,-,-,4.5
-,-,-,-,-,-,3.25,-,3.3896103896103895,-,4.0,-,-,-,3.28125,-,-,-,3.7333333333333334,-
-,-,-,-,-,4.166666666666667,-,-,-,4.5,-,-,-,-,-,4.1,-,-,4.0,4.5
-,-,-,-,-,-,4.428571428571429,-,4.352941176470588,4.333333333333333,-,-,-,-,5.0,-,-,-,4.5,-
-,-,-,-,-,-,4.241379310344827,4.25,4.254237288135593,-,-,-,-,-,-,4.323529411764706,-,4.225806451612903,-,-
-,-,-,3.0,2.8333333333333335,-,-,-,-,-,3.0,-,-,3.0,2.8333333333333335,-,-,-,-,-
-,-,4.3,-,4.5,-,4.25,-,-,-,-,4.25,-,-,4.1,-,-,-,-,-
-,-,-,-,-,-,-,4.625,-,-,4.5,-,4.0,-,3.892857142857143,-,-,3.7790697674418605,-,-
-,-,-,-,-,-,-,-,3.63265306122449,-,3.6666666666666665,-,-,-,3.923076923076923,3.6739130434782608,-,3.621212121212121,-,-
-,-,-,-,-,-,-,2.9583333333333335,-,-,3.5714285714285716,-,2.8055555555555554,-,2.960227272727273,-,-,-,3.1129032258064515,-
-,-,-,-,-,-,-,3.533333333333333,3.345617529880478,-,3.5,-,-,3.642857142857143,-,-,-,-,3.4,-
-,-,-,3.0833333333333335,3.15,-,-,-,-,3.4375,-,3.0,-,3.1666666666666665,-,-,-,-,-,-
-,-,-,-,-,-,-,-,3.9565217391304346,-,-,4.0,-,-,4.0,-,-,-,4.4,4.333333333333333
-,-,-,3.8125,-,-,-,4.125,-,-,4.0,-,-,-,3.7,-,-,-,3.6666666666666665,-
-,4.625,4.5,-,-,-,-,-,-,-,-,-,5.0,-,-,-,4.3,-,5.0,-
-,-,-,-,-,3.6,3.3333333333333335,-,3.9565217391304346,-,-,-,-,-,-,4.0,-,-,5.0,-
-,-,-,-,-,-,-,-,3.819277108433735,-,4.0,-,-,-,4.0,-,-,3.8535353535353534,3.75,-
-,-,-,-,-,-,4.5,-,4.34375,-,-,-,-,4.5,-,-,4.3,-,4.5,-
-,-,-,4.5,4.458333333333333,-,-,-,-,-,-,-,4.75,4.45,-,-,-,-,4.333333333333333,-
-,-,-,4.333333333333333,4.4,-,-,-,-,-,-,-,-,3.75,-,3.7083333333333335,-,-,4.333333333333333,-
-,-,5.0,-,-,-,5.0,-,-,-,5.0,-,-,-,5.0,-,-,4.5,-,-
-,-,-,3.9166666666666665,-,-,-,-,-,-,-,5.0,4.333333333333333,4.333333333333333,-,-,-,-,5.0,-
-,-,-,-,-,4.045454545454546,4.166666666666667,-,-,-,-,-,-,4.285714285714286,4.666666666666667,-,3.8333333333333335,-,-,-
-,-,4.333333333333333,-,-,-,-,4.5,-,4.5,-,-,4.25,-,-,-,-,-,4.3,-
-,-,-,4.5,4.25,-,4.136363636363637,-,-,-,4.25,-,-,4.5,-,-,-,-,-,-
-,5.0,5.0,5.0,5.0,5.0,-,-,-,-,-,-,-,-,-,-,-,-,-,-
-,3.735294117647059,3.7142857142857144,-,-,-,3.8448275862068964,-,3.784313725490196,-,-,-,-,-,3.7857142857142856,-,-,-,-,-
-,4.25,-,-,-,-,4.5625,-,4.264705882352941,-,-,-,-,-,-,-,-,4.357142857142857,4.25,-
-,4.5,-,-,-,-,4.666666666666667,-,4.333333333333333,-,-,5.0,-,-,-,-,-,4.666666666666667,-,-
-,-,-,5.0,4.166666666666667,-,4.4,-,-,-,-,-,-,-,4.0,-,-,3.875,-,-
-,3.5597014925373136,-,-,-,-,-,-,-,-,-,3.5,3.533333333333333,4.166666666666667,3.8125,-,-,-,-,-
-,4.2727272727272725,4.2,-,-,-,4.166666666666667,-,-,-,-,-,4.115384615384615,4.25,-,-,-,-,-,-
-,4.166666666666667,4.25,-,-,-,4.233333333333333,-,-,5.0,-,-,-,-,-,-,-,-,4.5,-
-,-,-,-,-,-,-,-,4.142857142857143,-,4.5,-,-,-,-,-,4.115384615384615,4.566666666666666,4.5,-
-,-,-,-,-,-,3.8152173913043477,-,3.704697986577181,-,4.111111111111111,-,-,-,-,-,-,-,4.045454545454546,4.0
-,-,-,-,-,-,-,4.5,4.215867158671586,-,4.666666666666667,-,-,-,-,-,-,-,4.482142857142857,4.411764705882353
-,-,-,3.7777777777777777,3.6363636363636362,-,-,-,-,3.716666666666667,-,-,3.75,3.7916666666666665,-,-,-,-,-,-
-,-,3.0,-,-,2.7142857142857144,2.6666666666666665,-,-,-,-,-,-,-,-,3.0,-,-,-,5.0
-,-,-,4.5,4.5,-,-,-,-,-,-,5.0,-,-,-,-,-,-,4.6,5.0
-,-,-,-,-,-,4.625,-,-,4.0,-,4.0,-,-,5.0,-,4.25,-,-,-
-,-,-,4.0,4.0,-,4.0,5.0,-,4.0,-,-,-,-,-,-,-,-,-,-
-,-,-,-,-,-,3.6666666666666665,-,3.5277777777777777,-,-,3.642857142857143,-,-,3.6666666666666665,3.625,-,-,-,-
-,-,3.142857142857143,-,-,-,3.6666666666666665,-,3.8,-,-,-,-,-,-,3.5,-,-,3.5,-
-,2.933333333333333,3.076923076923077,-,-,-,-,-,3.0,-,-,-,-,-,-,-,3.2,3.125,-,-
-,-,-,-,-,-,4.6,-,4.264705882352941,-,-,-,-,-,4.388888888888889,4.333333333333333,-,-,5.0,-
-,3.75,3.6666666666666665,-,-,3.6666666666666665,-,-,3.5714285714285716,-,-,-,-,-,3.5555555555555554,-,-,-,-,-
-,3.4375,-,-,-,3.6666666666666665,-,-,-,3.6666666666666665,-,-,-,-,-,3.8333333333333335,3.5,-,-,-
-,4.0625,-,-,-,-,-,-,3.5357142857142856,-,-,-,5.0,3.5357142857142856,-,-,-,-,5.0,-
-,-,-,-,-,4.193548387096774,4.645833333333333,-,4.327586206896552,-,-,-,-,-,4.642857142857143,-,-,4.275,-,-
-,-,4.0,4.285714285714286,4.166666666666667,-,-,-,-,-,5.0,-,-,5.0,-,-,-,-,-,-
-,-,-,-,4.0,-,4.0,-,-,-,-,5.0,-,-,5.0,-,-,-,5.0,-
-,-,-,-,-,-,-,-,-,-,-,4.0,4.666666666666667,-,4.125,-,3.923076923076923,-,4.0,-
-,-,-,4.0,-,-,-,-,3.72,-,-,-,4.0,-,4.0,-,-,-,3.8333333333333335,-
-,-,-,4.7272727272727275,4.6875,-,4.7727272727272725,-,-,-,-,-,-,-,4.8,5.0,-,-,-,-
-,-,-,-,-,-,3.6511627906976742,-,-,-,4.333333333333333,-,-,-,3.6904761904761907,-,3.575,3.5037593984962405,-,-
-,-,-,-,-,-,-,-,4.6521739130434785,-,5.0,-,5.0,-,4.75,-,-,-,4.666666666666667,-
-,-,-,4.521739130434782,-,-,-,4.5,-,-,4.875,-,4.5,-,4.509803921568627,-,-,-,-,-
-,-,-,-,-,-,-,4.666666666666667,4.360576923076923,-,4.5,-,4.375,4.416666666666667,-,-,-,-,-,-
-,-,-,-,-,-,-,-,4.222222222222222,-,-,-,4.333333333333333,-,-,4.090909090909091,-,-,4.8,4.5
-,-,-,-,-,-,-,-,-,4.166666666666667,5.0,-,-,-,4.8,4.266666666666667,-,-,4.333333333333333,-
-,-,-,-,-,-,3.5757575757575757,3.75,3.5764705882352943,-,4.0,-,-,-,3.607142857142857,-,-,-,-,-
-,-,3.923076923076923,-,-,-,-,-,3.8645833333333335,3.7666666666666666,-,-,3.8333333333333335,-,-,-,-,-,4.5,-
-,-,-,-,-,2.9615384615384617,-,3.5,-,-,-,2.75,-,-,-,-,2.8,-,-,2.75
-,-,-,5.0,4.8,-,-,-,-,4.666666666666667,-,-,5.0,5.0,-,-,-,-,-,-
-,-,-,4.0,-,-,4.333333333333333,-,3.8,-,-,-,-,-,5.0,-,-,3.857142857142857,-,-
-,-,3.6052631578947367,3.857142857142857,-,-,3.5675675675675675,-,-,-,-,-,4.5,3.75,-,-,-,-,-,-
-,-,-,-,-,-,4.7105263157894735,-,-,-,-,-,-,-,-,-,4.666666666666667,4.678571428571429,4.7727272727272725,5.0
-,-,-,-,-,-,-,-,4.631578947368421,-,-,-,5.0,-,-,4.588235294117647,5.0,-,4.666666666666667,-
-,4.25,-,-,-,-,-,-,4.352941176470588,-,-,-,-,-,4.25,-,-,-,4.5,5.0
-,-,-,4.107142857142857,3.774193548387097,-,3.8309859154929575,-,-,-,4.0,-,-,-,3.875,-,-,-,-,-
-,-,-,-,-,-,-,-,-,-,-,4.5,-,-,4.0,-,-,4.3,5.0,4.0
-,-,-,5.0,-,-,5.0,-,-,-,5.0,-,-,4.666666666666667,-,-,-,4.555555555555555,-,-
-,-,4.166666666666667,-,4.0,-,-,-,-,4.5,-,-,-,4.0,-,-,-,-,3.5,-
-,-,-,5.0,-,-,-,-,-,4.75,-,4.5,4.5,-,-,-,-,-,4.375,-
-,3.0625,-,-,-,-,4.0,-,3.2857142857142856,-,-,-,3.0,-,3.75,-,-,-,-,-
-,-,-,-,-,-,3.6098360655737705,-,3.6501210653753025,-,4.0,-,-,3.6481481481481484,-,-,-,-,-,3.764705882352941
-,-,-,3.0,3.0,-,3.111111111111111,-,-,-,-,5.0,-,-,3.5,-,-,-,-,-
-,-,-,-,-,-,-,3.357142857142857,3.113953488372093,-,3.8333333333333335,-,-,-,2.869565217391304,-,-,-,3.1296296296296298,-
-,-,-,-,-,3.6,-,5.0,3.789473684210526,-,-,-,-,-,5.0,3.75,-,-,-,-
-,-,4.5,-,-,-,-,-,-,-,-,5.0,5.0,-,-,-,-,-,4.4,4.5
-,-,-,-,-,-,3.4444444444444446,-,-,-,-,3.6,-,-,4.0,3.4545454545454546,-,3.3636363636363638,-,-
-,-,-,4.5,-,4.35,4.6,-,-,-,-,4.571428571428571,-,-,4.4,-,-,-,-,-
-,4.0,-,4.0,-,4.214285714285714,-,5.0,-,-,4.0,-,-,-,-,-,-,-,-,-
-,4.15,-,-,-,-,-,-,4.346153846153846,3.9545454545454546,-,-,-,-,4.3,-,3.9285714285714284,-,-,-
-,-,-,-,-,-,-,-,-,-,-,-,4.0625,3.9375,3.9473684210526314,-,-,-,4.033333333333333,4.153846153846154
-,-,4.461538461538462,-,-,-,-,-,4.384615384615385,-,-,-,5.0,-,-,-,4.833333333333333,-,4.666666666666667,-
-,-,-,-,-,-,3.7666666666666666,4.0,3.7222222222222223,-,4.0,-,-,-,-,-,-,-,4.0,-
-,-,-,-,-,-,-,4.0,3.1481481481481484,3.2,-,-,-,-,-,-,-,-,3.75,3.3333333333333335
-,-,-,4.25,4.0,-,-,4.0,-,-,-,-,-,-,-,-,-,-,4.5,4.5
-,-,-,-,-,-,4.75,-,-,4.625,-,-,-,4.75,-,4.458333333333333,-,5.0,-,-
-,-,-,-,-,-,-,-,4.478260869565218,-,-,-,4.333333333333333,-,4.5,4.5,-,-,5.0,-
-,5.0,-,-,-,-,-,5.0,-,-,-,-,-,-,5.0,-,4.9375,-,5.0,-
-,-,-,-,-,-,-,-,-,-,5.0,5.0,-,4.5,4.8,-,5.0,-,-,-
-,-,4.277777777777778,-,4.416666666666667,-,-,-,-,4.416666666666667,-,-,-,4.714285714285714,4.25,-,-,-,-,-
-,-,4.4,4.444444444444445,-,-,-,-,-,-,4.714285714285714,-,5.0,4.5,-,-,-,-,-,-
-,-,-,-,-,-,3.4,-,3.606060606060606,-,-,-,-,-,-,3.5,-,-,4.166666666666667,3.75
-,-,-,-,-,-,-,5.0,4.428571428571429,-,-,4.4,-,-,4.3,-,-,-,4.5,-
-,-,-,-,4.15625,-,-,4.75,-,4.342105263157895,4.166666666666667,-,-,4.538461538461538,-,-,-,-,-,-
-,-,-,4.5,4.4,-,-,-,4.071428571428571,4.5,-,-,-,4.0,-,-,-,-,-,-
-,-,-,-,-,-,-,-,4.428571428571429,4.6,-,-,4.625,-,4.125,-,-,-,5.0,-
-,-,3.076923076923077,-,-,-,3.2222222222222223,-,3.2222222222222223,-,-,-,3.3333333333333335,-,-,-,-,-,-,4.0
-,-,5.0,-,-,3.6666666666666665,3.8,-,3.55,-,-,-,-,-,-,3.4545454545454546,-,-,-,-
-,-,-,-,3.8,-,-,5.0,-,-,-,-,5.0,-,5.0,-,-,-,-,5.0
-,3.918918918918919,-,-,-,-,-,-,-,-,-,-,4.5,-,-,4.070422535211268,3.9722222222222223,-,4.083333333333333,-
-,-,-,-,4.25,-,-,-,-,4.0,4.0,-,-,-,-,-,-,-,4.2,4.333333333333333
-,-,-,4.041666666666667,-,-,4.022388059701493,4.25,4.033653846153846,-,-,-,-,-,-,-,-,-,4.018518518518518,-
-,-,-,-,-,-,-,4.5,3.8214285714285716,-,-,-,-,-,-,-,3.6875,-,4.5,4.5
-,-,-,-,-,-,-,-,4.085889570552148,-,-,-,4.5,-,-,4.207070707070707,-,-,4.480769230769231,4.363636363636363
-,-,-,4.375,-,-,3.9901960784313726,-,-,-,-,-,4.16,4.5,-,-,-,-,-,4.0
-,3.5,-,-,4.0,-,-,-,-,4.0,-,-,5.0,-,-,-,-,3.533333333333333,-,-
-,-,-,4.5,-,-,-,-,-,-,4.25,-,-,4.5,-,-,-,-,4.045454545454546,4.0
-,-,-,-,-,-,-,-,4.031791907514451,-,4.083333333333333,-,4.135593220338983,-,-,-,-,-,4.245454545454545,4.235294117647059
-,-,-,-,3.857142857142857,-,4.5,-,3.857142857142857,4.2,-,-,-,-,4.0,-,-,-,-,-
-,-,-,-,-,-,-,-,4.222222222222222,-,4.833333333333333,-,-,-,4.428571428571429,-,-,4.11,-,4.5
-,-,-,4.375,-,-,-,4.75,-,-,5.0,-,-,-,4.321428571428571,-,-,-,-,5.0
-,-,-,-,-,-,-,4.0,3.8360655737704916,-,4.0,-,4.0,-,-,-,-,-,4.357142857142857,-
-,-,-,-,-,-,3.466666666666667,-,3.3962264150943398,-,-,-,-,-,3.5,3.235294117647059,-,-,3.4166666666666665,-
-,-,-,4.125,4.0,3.95,-,-,-,-,-,4.5,-,-,4.125,-,-,-,-,-
-,-,4.0,4.666666666666667,-,-,-,-,-,4.142857142857143,-,-,-,4.666666666666667,-,4.285714285714286,-,-,-,-
-,-,5.0,-,-,-,-,-,-,5.0,-,5.0,-,-,4.25,4.4,-,-,-,-
-,-,-,3.6666666666666665,-,-,-,-,-,-,-,3.6666666666666665,-,4.0,3.75,4.0,-,-,-,-
-,-,-,-,-,-,-,4.25,4.171875,-,4.392857142857143,-,-,-,4.225,4.131578947368421,-,-,-,-
-,4.117647058823529,-,-,-,-,-,5.0,-,-,-,-,-,4.333333333333333,-,-,4.208333333333333,-,5.0,-
-,-,-,-,-,-,4.111111111111111,-,-,-,-,3.8,-,-,4.0,-,-,3.6666666666666665,3.6666666666666665,-
-,-,-,-,-,-,-,-,-,-,3.8333333333333335,-,3.5,3.5,3.588235294117647,-,-,-,-,3.5
-,-,-,5.0,4.333333333333333,-,-,-,-,-,-,5.0,-,5.0,-,-,-,-,4.5,-
-,-,-,-,-,-,-,3.625,-,3.0080645161290325,3.0,-,3.0,-,3.1634615384615383,-,-,-,-,-
-,-,-,-,-,-,3.8095238095238093,4.25,3.8055555555555554,-,-,-,3.9,-,-,-,-,-,4.055555555555555,-
-,3.4615384615384617,3.4615384615384617,-,-,-,3.5714285714285716,-,4.0,-,-,-,-,-,-,-,3.7142857142857144,-,-,-
-,-,3.1666666666666665,-,-,-,3.625,3.5,3.1296296296296298,-,4.5,-,-,-,-,-,-,-,-,-
-,-,-,-,-,-,-,-,3.3636363636363638,3.4545454545454546,-,-,-,-,-,3.6627906976744184,-,-,3.4166666666666665,4.5
-,-,-,3.5,4.0,3.5714285714285716,-,-,-,-,-,3.8333333333333335,-,-,-,4.0,-,-,-,-
-,3.58,3.5416666666666665,-,-,-,3.8,-,3.75,3.5,-,-,-,-,-,-,-,-,-,-
-,-,-,-,-,-,-,-,3.75,-,-,4.0,-,-,-,4.0,-,-,5.0,4.0
-,-,-,4.428571428571429,-,-,-,-,-,-,-,-,4.333333333333333,4.25,-,4.16,-,-,4.5,-
-,-,-,-,-,-,4.018867924528302,-,4.03125,-,-,4.090909090909091,-,-,4.066666666666666,-,-,-,4.071428571428571,-
-,-,-,-,-,-,4.5,-,4.451515151515151,4.545454545454546,4.525,-,-,-,4.611111111111111,-,-,-,-,-
-,-,3.090909090909091,-,-,-,3.1538461538461537,-,-,-,-,-,4.0,-,-,3.142857142857143,-,-,-,4.0
-,3.8333333333333335,-,-,-,-,-,-,3.6666666666666665,-,-,-,-,4.0,-,3.7,-,-,4.0,-
-,-,-,3.9814814814814814,3.9716981132075473,-,-,3.875,-,-,4.0,-,-,-,-,-,-,-,-,4.095238095238095
-,-,-,4.133333333333334,3.8518518518518516,-,-,-,-,-,-,-,5.0,4.1,-,-,-,-,4.0,-
-,-,3.201492537313433,-,-,-,-,-,3.1346153846153846,-,-,-,-,-,-,3.3691275167785233,-,-,3.3,3.5
-,-,-,-,-,-,4.142857142857143,4.5,-,-,4.5,-,-,4.5,-,-,-,-,4.125,-
-,-,-,3.888888888888889,-,-,-,-,-,-,-,-,3.6666666666666665,3.857142857142857,3.4285714285714284,-,-,-,4.142857142857143,-
-,-,-,4.0,3.6666666666666665,-,4.166666666666667,-,-,-,-,-,-,-,4.0,-,-,-,4.0,-
-,-,-,4.25,-,-,-,-,-,-,4.5,-,5.0,-,-,4.409836065573771,-,-,4.6,-
-,-,-,-,3.888888888888889,3.88,-,-,-,-,-,-,-,5.0,-,4.0,-,-,5.0,-
-,-,-,-,-,-,3.5625,-,3.45,-,-,-,-,-,-,4.0,-,3.0416666666666665,5.0,-
-,-,-,4.0,-,3.3625,3.4642857142857144,-,3.3220338983050848,-,-,-,-,3.4,-,-,-,-,-,-
-,-,-,4.0,-,-,4.25,-,3.8181818181818183,-,4.0,-,-,-,-,-,-,-,3.8333333333333335,-
-,-,-,-,-,-,-,-,-,-,5.0,4.0,4.0,-,-,3.9577464788732395,-,-,4.333333333333333,-
-,-,-,-,4.5,-,-,-,-,4.5,4.5,-,-,4.5,-,-,-,-,4.666666666666667,-
-,-,-,-,3.5,-,-,4.0,-,-,-,-,4.0,4.0,-,-,-,-,4.333333333333333,-
-,3.8333333333333335,-,-,-,-,-,-,-,-,-,4.0,-,-,4.0,-,-,3.8095238095238093,-,4.0
-,-,-,-,-,-,-,-,3.9047619047619047,-,-,3.8,4.0,-,3.909090909090909,3.8947368421052633,-,-,-,-
-,-,-,-,-,-,-,-,3.6363636363636362,3.3333333333333335,-,-,-,-,4.0,-,-,-,4.666666666666667,5.0
-,4.230769230769231,-,-,-,-,-,-,4.241379310344827,-,-,-,-,4.2272727272727275,-,-,4.5,-,4.5,-
-,-,-,-,-,-,4.25,-,4.220338983050848,-,-,-,-,-,4.142857142857143,-,4.133333333333334,-,4.333333333333333,-
-,-,-,-,-,-,-,-,4.038095238095238,-,-,5.0,-,4.178571428571429,-,4.116279069767442,-,-,-,4.3
-,-,4.0,-,-,4.0,-,-,4.090909090909091,4.5,-,-,-,-,-,4.2,-,-,-,-
-,-,-,-,-,-,4.128318584070796,-,-,-,4.517857142857143,-,-,-,4.115384615384615,-,-,-,4.214285714285714,4.3076923076923075
-,-,-,-,-,3.8333333333333335,-,-,3.4166666666666665,-,-,-,-,-,-,3.4,-,3.5,5.0,-
-,-,4.0344827586206895,4.083333333333333,4.0,-,4.1,-,-,-,-,-,-,-,-,-,4.090909090909091,-,-,-
-,-,-,-,-,3.857142857142857,-,-,-,-,-,4.75,-,4.0,-,-,4.0,4.0,-,-
-,-,4.0,-,-,-,-,-,-,-,-,4.0,-,-,3.8,3.6666666666666665,-,-,-,5.0
-,-,-,-,-,-,4.407894736842105,-,4.283536585365853,-,5.0,-,-,-,-,4.284810126582278,-,-,-,4.6
-,3.0851063829787235,3.0416666666666665,-,3.3333333333333335,-,-,-,3.1538461538461537,-,-,-,-,-,-,-,-,-,3.7777777777777777,-
-,-,-,3.7314814814814814,-,-,-,3.7666666666666666,3.6200607902735564,-,3.875,-,-,-,3.67,-,-,-,-,-
-,-,-,-,-,-,4.714285714285714,-,-,4.5,-,-,-,-,5.0,-,-,4.578947368421052,5.0,-
-,-,-,-,-,4.0476190476190474,4.5,4.0,-,-,5.0,-,-,-,-,-,-,-,4.666666666666667,-
-,-,-,-,5.0,5.0,-,-,-,5.0,-,5.0,-,-,-,4.888888888888889,-,-,-,-
-,-,-,-,-,-,3.7744186046511627,3.8333333333333335,-,-,4.3125,-,-,-,-,-,-,-,3.8955223880597014,3.760869565217391
-,-,4.5,-,-,-,-,-,-,-,-,5.0,4.5,-,-,-,-,-,5.0,5.0
-,4.333333333333333,4.4,-,-,4.391304347826087,-,-,-,-,-,-,-,-,5.0,4.5,-,-,-,-
-,-,-,-,-,-,-,-,4.277777777777778,-,5.0,-,-,-,4.5,5.0,-,4.4,-,-
-,-,-,4.403225806451613,-,-,-,4.583333333333333,-,-,4.3,-,-,4.222222222222222,4.241935483870968,-,-,-,-,-
-,3.0,2.909090909090909,-,-,3.2,3.3,-,-,4.0,-,-,-,-,-,-,-,-,-,-
-,-,-,-,-,3.638888888888889,-,-,3.744186046511628,-,-,-,-,-,-,3.590909090909091,-,-,3.5833333333333335,3.875
-,-,-,-,4.5,-,-,4.5,-,4.5,-,-,-,-,-,5.0,-,4.3,-,-
-,-,-,-,-,-,4.018041237113402,4.22972972972973,4.076923076923077,-,-,-,-,-,3.9682539682539684,-,-,-,4.140625,-
-,-,-,-,-,-,4.076923076923077,-,-,-,-,-,-,-,4.333333333333333,-,4.0,4.090909090909091,4.0,-
-,4.0,-,-,-,-,4.333333333333333,-,4.113636363636363,-,-,-,-,-,-,-,4.153846153846154,-,4.238095238095238,-
-,-,-,-,3.411764705882353,-,-,-,3.409090909090909,-,-,-,4.0,3.6842105263157894,-,-,-,-,4.0,-
-,-,-,4.384615384615385,4.25,-,3.611111111111111,-,-,3.676470588235294,-,3.8666666666666667,-,-,-,-,-,-,-,-
-,4.111111111111111,4.0,4.5,-,-,4.25,-,-,-,-,-,4.5,-,-,-,-,-,-,-
-,-,-,-,-,-,-,5.0,4.209302325581396,-,4.5,-,5.0,-,-,-,-,-,4.576923076923077,-
-,-,-,-,-,3.1153846153846154,3.4,-,3.08,-,-,-,4.0,-,-,-,-,-,3.5,-
-,-,4.444444444444445,4.666666666666667,-,-,5.0,-,-,4.666666666666667,-,-,-,-,-,-,4.666666666666667,-,-,-
-,-,-,-,-,-,4.232758620689655,-,4.296875,-,4.75,-,-,5.0,4.46969696969697,-,-,-,-,-
-,-,-,-,-,-,4.275862068965517,-,-,-,4.75,-,-,-,4.043478260869565,-,-,-,4.05,4.1
-,-,-,-,-,-,4.142857142857143,-,-,-,-,5.0,5.0,-,-,-,-,4.25,5.0,-
-,-,-,-,-,-,-,-,3.2454873646209386,-,3.8333333333333335,-,-,3.3333333333333335,-,3.2535885167464116,-,-,3.391304347826087,-
-,-,-,4.333333333333333,-,-,4.0,5.0,-,-,-,-,4.666666666666667,4.5,-,-,-,-,-,-
-,-,-,4.0,-,-,-,-,4.076923076923077,-,-,4.0,5.0,4.0,-,-,-,-,-,-
-,-,3.891891891891892,-,-,-,3.9375,-,-,3.9583333333333335,-,-,4.205882352941177,-,-,-,4.05,-,-,-
-,-,5.0,5.0,-,-,-,-,-,5.0,-,-,-,5.0,-,-,-,-,4.8,-
-,-,-,4.5,4.5,-,3.75,-,-,-,-,-,-,4.5,-,4.125,-,-,-,-
-,-,-,3.66,-,-,3.7804878048780486,-,-,-,4.0,-,3.75,-,3.763157894736842,-,-,-,-,-
-,-,3.8125,5.0,4.0,-,-,-,-,-,-,-,-,4.0,3.75,-,-,-,-,-
-,-,-,-,-,-,4.166666666666667,-,4.24,-,4.0,-,4.5,-,-,4.1,-,-,-,-
-,-,-,-,-,-,-,-,4.069444444444445,4.071428571428571,-,-,4.05,-,-,4.029411764705882,-,-,4.357142857142857,-
-,4.59375,4.666666666666667,-,-,-,4.666666666666667,-,-,-,-,-,-,5.0,4.666666666666667,-,-,-,-,-
-,-,-,-,-,-,-,3.6666666666666665,3.6862745098039214,-,3.9,-,-,-,3.693548387096774,-,-,-,3.7875,-
-,-,4.642857142857143,-,-,-,4.857142857142857,-,4.785714285714286,-,-,-,-,-,-,-,4.875,-,5.0,-
-,4.375,-,-,-,-,4.5,-,-,-,-,-,-,-,-,-,-,4.5,4.5,4.5
-,-,-,3.6666666666666665,3.5,-,-,-,-,-,-,4.0,-,3.6666666666666665,-,-,-,-,4.0,-
-,-,-,-,-,-,4.0,4.0,-,-,5.0,4.25,-,-,4.0,-,-,-,-,-
-,-,-,-,-,3.3333333333333335,-,-,3.606060606060606,-,-,-,-,-,3.5,3.409090909090909,-,-,3.8333333333333335,-
-,-,-,-,-,-,3.6636363636363636,-,-,-,4.0,-,-,-,3.6,-,-,-,3.880952380952381,3.9375
-,-,-,-,-,-,4.428571428571429,-,4.294117647058823,-,-,-,5.0,-,4.125,-,-,-,4.5,-
-,-,-,4.5,5.0,-,-,-,-,4.333333333333333,-,-,-,-,4.285714285714286,-,-,-,4.4,-
-,-,-,-,-,-,4.0,-,-,-,-,-,-,-,4.666666666666667,4.0,-,4.142857142857143,4.25,-
-,-,4.5,-,-,-,-,-,4.5,-,-,-,-,-,-,5.0,4.625,-,4.6,-
-,-,-,5.0,-,-,-,-,-,5.0,-,-,5.0,5.0,-,-,-,-,-,5.0
-,-,-,-,-,-,4.2,4.0,4.415094339622642,-,4.0,-,-,-,-,-,-,-,4.3,-
-,-,-,-,3.3684210526315788,-,-,3.5,-,-,-,3.5,3.4,-,3.388888888888889,-,-,-,-,-
-,-,-,-,-,-,3.772727272727273,-,-,-,4.5,-,4.166666666666667,-,3.625,-,-,-,4.0,-
-,-,-,-,-,-,4.5,-,4.291666666666667,-,-,-,-,-,3.8333333333333335,-,-,4.3125,4.333333333333333,-
-,3.6923076923076925,3.6666666666666665,-,-,-,-,-,-,-,-,-,-,4.0,4.0,-,4.166666666666667,-,-,-
-,4.2,-,-,-,-,4.0,-,4.25,-,-,-,-,-,-,-,4.75,4.6,-,-
-,-,-,4.0,4.0,-,3.6951219512195124,-,-,-,-,-,-,-,3.6904761904761907,-,-,-,3.7,-
-,-,3.883720930232558,-,-,-,3.7586206896551726,-,-,-,-,3.75,-,-,3.8333333333333335,-,-,-,4.0,-
-,-,-,-,-,-,3.8796296296296298,-,-,-,4.2631578947368425,-,-,-,4.138297872340425,-,-,4.05,-,3.875
-,-,-,-,-,-,-,-,4.428571428571429,-,4.666666666666667,-,-,-,4.416666666666667,4.111111111111111,4.033333333333333,-,-,-
-,-,-,3.8125,3.8,-,3.814814814814815,-,-,-,4.0,-,-,-,-,-,-,-,3.857142857142857,-
-,-,-,4.2592592592592595,-,-,-,-,-,-,-,-,4.3,4.214285714285714,-,-,-,-,4.214285714285714,4.5
-,5.0,-,-,-,-,5.0,-,-,-,5.0,-,-,-,5.0,-,-,-,5.0,-
-,-,4.666666666666667,-,-,-,-,-,-,4.75,-,5.0,-,-,-,4.222222222222222,4.1,-,-,-
-,-,-,-,-,-,-,-,4.055555555555555,-,-,-,-,4.0,4.0,4.333333333333333,-,-,4.25,-
-,-,-,-,-,4.090909090909091,4.125,-,-,-,4.333333333333333,-,-,-,-,4.115384615384615,-,-,4.25,-
-,-,-,-,-,-,-,3.3333333333333335,3.3838383838383836,-,-,-,-,-,3.3684210526315788,-,-,-,3.466666666666667,4.0
-,3.857142857142857,-,-,-,-,-,-,-,4.0,-,-,-,4.0,4.0,-,-,3.8461538461538463,-,-
-,4.133333333333334,4.3,-,-,4.1,-,-,-,-,-,-,-,-,-,-,4.25,-,-,5.0
-,4.5625,4.55,4.571428571428571,4.5,-,4.928571428571429,-,-,-,-,-,-,-,-,-,-,-,-,-
-,3.235294117647059,3.3846153846153846,-,-,-,3.3333333333333335,-,2.9,-,-,-,-,-,-,3.5,-,-,-,-
-,-,-,-,-,-,4.5,-,-,3.25,-,-,-,-,3.5,-,-,3.5,3.25,-
-,-,-,4.785714285714286,4.785714285714286,4.705882352941177,-,-,-,4.615384615384615,-,-,4.615384615384615,-,-,-,-,-,-,-
-,-,-,-,-,-,-,-,4.277777777777778,-,4.5,-,-,-,4.45,-,-,4.288461538461538,4.5,-
-,4.0,4.0,4.5,4.0,-,-,-,-,-,-,-,-,5.0,-,-,-,-,-,-
-,-,-,-,4.5,-,-,4.833333333333333,-,-,5.0,-,5.0,4.571428571428571,-,-,-,-,-,-
-,-,-,-,-,-,4.0,-,-,-,4.0,4.25,-,4.0,-,-,-,4.375,-,-
-,-,-,-,4.5,-,-,-,4.298245614035087,4.833333333333333,5.0,-,-,-,-,-,-,-,4.444444444444445,-
-,-,-,4.0,-,-,-,-,-,-,-,-,-,4.0,-,4.5,-,-,4.666666666666667,5.0
-,-,-,-,-,-,3.5789473684210527,-,-,-,3.875,4.0,-,-,-,-,-,-,3.68,4.166666666666667
-,-,-,-,-,-,-,4.5,4.0,-,-,3.75,-,-,-,-,3.7,-,-,5.0
-,-,-,-,-,-,-,-,4.166666666666667,-,4.25,4.5,-,-,3.9285714285714284,-,-,-,-,5.0
-,-,-,4.576923076923077,-,-,-,-,-,-,5.0,-,4.3125,4.666666666666667,-,-,-,-,4.8,-
-,-,-,-,-,-,3.6153846153846154,-,3.9047619047619047,-,4.0,-,-,-,-,4.266666666666667,3.5652173913043477,-,-,-
-,-,-,-,-,-,-,-,-,-,-,-,4.357142857142857,-,4.3,4.5,-,-,4.75,4.375
-,-,-,-,4.0,3.7,-,-,4.076923076923077,-,-,-,-,-,-,4.0,-,-,5.0,-
-,-,-,4.142857142857143,4.470588235294118,-,-,4.0,-,4.0,-,-,-,3.8461538461538463,-,-,-,-,-,-
-,-,-,-,-,-,4.384615384615385,-,-,-,-,5.0,4.75,-,-,-,4.1,-,4.1,-
-,-,3.857142857142857,-,4.0,-,4.5,-,-,-,-,-,-,-,-,-,-,3.8181818181818183,4.333333333333333,-
-,-,-,4.478260869565218,4.447368421052632,-,-,-,-,-,-,-,4.55,4.833333333333333,-,-,-,-,4.5,-
-,-,-,-,-,3.5,3.6666666666666665,-,3.5714285714285716,-,-,4.0,-,-,-,-,-,-,5.0,-
-,-,-,3.7,3.769230769230769,3.462686567164179,-,-,-,-,-,-,-,-,-,-,-,-,3.590909090909091,3.5
-,-,-,-,-,-,3.0,3.0,-,-,-,3.0576923076923075,-,-,-,-,3.007142857142857,-,3.0,-
-,-,-,-,-,-,3.0869565217391304,3.3541666666666665,3.2055555555555557,-,-,-,-,-,-,-,-,-,3.335616438356164,3.15625
-,-,-,-,-,-,-,5.0,3.8461538461538463,-,-,4.333333333333333,-,-,4.0,-,-,3.6153846153846154,-,-
-,4.25,-,-,-,-,4.5,-,4.095238095238095,-,-,-,-,-,-,-,-,4.444444444444445,4.5,-
-,-,-,4.0,4.0,-,4.75,-,-,4.25,-,-,-,-,5.0,-,-,-,-,-
-,-,3.77,3.95,3.9,-,-,-,-,3.7941176470588234,-,-,3.8125,-,-,-,-,-,-,-
-,-,-,-,-,-,4.028301886792453,4.7,-,4.176470588235294,4.681818181818182,-,4.0625,-,-,-,-,-,-,-
-,-,-,-,-,-,4.6,5.0,4.25,5.0,-,-,-,-,4.333333333333333,-,-,-,-,-
-,-,4.2,-,-,-,4.375,-,4.333333333333333,-,-,-,5.0,-,4.333333333333333,-,-,-,-,-
-,-,-,3.0,3.0,-,-,-,-,-,-,-,3.5,-,4.0,-,-,-,3.2,-
-,-,4.53125,4.75,-,-,-,-,-,-,-,4.764705882352941,-,-,4.583333333333333,-,-,4.584905660377358,-,-
-,-,-,-,-,-,-,-,2.966666666666667,2.875,-,-,-,4.0,3.5,-,-,-,-,2.75
-,-,-,-,-,-,-,-,3.8181818181818183,-,-,4.0,-,-,4.0,4.083333333333333,-,-,3.6666666666666665,-
-,4.153846153846154,-,-,-,-,-,-,-,-,4.25,-,-,-,3.933333333333333,3.888888888888889,-,-,4.142857142857143,-
-,5.0,-,-,-,-,-,-,-,4.5,-,-,-,-,5.0,4.666666666666667,-,-,4.6,-
-,3.0,-,-,-,3.142857142857143,3.6666666666666665,-,3.7142857142857144,-,3.5,-,-,-,-,-,-,-,-,-
-,3.6333333333333333,-,-,-,-,-,-,-,-,-,-,4.25,-,-,-,3.7058823529411766,-,4.375,4.125
-,-,-,-,-,-,3.8,-,3.935483870967742,-,-,4.25,-,-,-,3.878787878787879,-,-,4.125,-
-,-,-,5.0,-,-,-,-,-,-,-,-,-,4.0,3.8333333333333335,-,-,-,5.0,5.0
-,-,-,-,-,-,4.108333333333333,-,3.8666666666666667,-,4.333333333333333,-,-,-,3.888888888888889,-,-,-,-,4.0
-,4.454545454545454,-,-,-,4.107142857142857,-,-,4.428571428571429,-,-,-,-,-,-,4.625,-,4.125,-,-
-,-,-,-,-,-,-,5.0,-,-,4.875,5.0,-,-,4.709677419354839,-,-,4.61864406779661,-,-
-,-,3.810810810810811,-,-,-,-,-,-,3.839080459770115,-,-,4.5,3.865079365079365,-,-,3.763888888888889,-,-,-
-,-,4.5,-,-,-,-,-,4.6923076923076925,-,-,-,-,5.0,-,5.0,4.833333333333333,-,-,-
-,-,-,3.6666666666666665,-,3.75,4.0,-,3.7777777777777777,-,-,4.0,-,-,-,-,-,-,-,-
-,-,-,-,-,-,4.285714285714286,-,-,-,-,5.0,4.5,-,5.0,-,-,-,4.25,-
-,-,-,4.083333333333333,4.083333333333333,-,-,-,-,4.666666666666667,-,-,4.5,4.333333333333333,-,-,-,-,-,-
-,-,-,3.6,-,3.5491803278688523,-,-,-,-,-,-,3.8636363636363638,-,-,3.6774193548387095,-,3.739130434782609,-,-
-,-,-,-,-,3.892857142857143,3.9130434782608696,-,3.9156626506024095,-,-,-,4.5,-,-,-,-,-,-,4.0
-,-,-,-,-,-,4.666666666666667,-,4.022222222222222,-,5.0,-,-,-,-,4.1875,-,-,4.5,-
-,-,-,4.3,-,-,4.75,-,4.277777777777778,-,-,-,-,-,-,-,-,4.3125,4.5,-
-,-,-,-,-,3.25,3.6,-,-,3.0,-,3.5,-,-,3.0,-,-,-,-,-
-,-,-,5.0,5.0,-,-,-,-,-,4.666666666666667,-,-,-,-,-,-,-,5.0,5.0
-,-,3.6666666666666665,-,-,-,-,-,-,-,-,-,-,-,4.0,-,-,3.5833333333333335,4.0,5.0
-,3.142857142857143,3.24468085106383,-,-,-,-,-,-,3.0833333333333335,-,-,3.45,-,-,-,-,3.1,-,-
-,-,3.4722222222222223,-,-,-,3.3846153846153846,-,3.259259259259259,-,-,-,-,-,-,-,-,3.257142857142857,4.0,-
-,-,-,4.0,4.0,4.0,-,-,-,-,-,-,-,-,4.03125,-,-,-,4.0625,-
-,-,-,4.5,-,4.458333333333333,4.666666666666667,-,-,4.666666666666667,-,-,5.0,-,-,-,-,-,-,-
-,-,-,-,-,-,4.0,4.166666666666667,3.947619047619048,-,-,-,-,-,4.033333333333333,-,-,-,3.9285714285714284,-
-,-,-,-,-,-,3.8645833333333335,-,3.8012048192771086,-,4.25,-,-,-,-,-,3.8181818181818183,3.838709677419355,-,-
-,-,-,3.8333333333333335,-,-,-,-,3.7586206896551726,-,-,-,-,3.8,4.0,-,-,-,4.166666666666667,-
-,-,-,3.4285714285714284,3.5,3.2857142857142856,-,-,3.3333333333333335,-,-,-,-,-,3.5,-,-,-,-,-
-,-,-,-,-,-,3.7142857142857144,-,3.5,5.0,-,-,-,-,4.0,-,-,3.7857142857142856,-,-
-,-,-,-,-,-,-,-,-,-,4.25,-,5.0,-,-,3.599009900990099,-,-,3.6315789473684212,3.5714285714285716
-,-,-,-,-,-,-,-,4.0,-,-,4.0,-,-,-,-,4.0,4.076923076923077,5.0,-
-,-,-,-,-,-,-,-,3.020771513353116,-,3.3333333333333335,-,3.25,-,3.263157894736842,-,-,-,3.2027027027027026,-
-,-,3.7,-,-,-,3.8333333333333335,-,3.8333333333333335,-,-,-,-,-,-,-,4.25,3.75,-,-
-,-,-,3.6666666666666665,-,3.857142857142857,-,5.0,-,-,-,4.0,-,-,-,4.0,-,-,-,-
-,-,-,3.0,-,-,3.1176470588235294,-,3.302325581395349,-,-,-,-,-,-,3.1538461538461537,-,-,3.5,-
-,-,3.7732558139534884,-,-,3.805,3.955357142857143,5.0,-,-,-,-,-,-,-,-,3.7901234567901234,-,-,-
-,5.0,-,-,-,4.525,-,-,-,-,-,-,-,-,5.0,4.6875,5.0,-,-,-
-,4.5,-,-,-,-,4.333333333333333,-,-,-,-,-,5.0,-,5.0,-,-,-,5.0,-
-,-,-,-,-,-,3.6,-,-,-,-,5.0,3.6666666666666665,-,-,-,-,4.0,3.5,-
-,-,-,-,-,-,3.64,4.0,3.3297872340425534,-,-,-,3.5,-,-,-,-,-,3.375,-
-,-,-,4.333333333333333,-,4.148148148148148,4.142857142857143,-,-,-,5.0,-,-,-,-,-,-,-,4.666666666666667,-
-,-,-,4.0,3.6875,-,3.5,-,-,-,-,-,-,4.0,-,-,-,3.5714285714285716,-,-
-,-,-,-,-,-,4.0,-,-,3.5285714285714285,4.277777777777778,-,-,-,3.7,-,-,3.5652173913043477,-,-
-,-,-,-,-,-,3.875,4.5,-,-,-,3.8333333333333335,-,4.0,4.0,-,-,-,-,-
-,-,-,-,-,3.730769230769231,-,-,3.8392857142857144,5.0,-,-,-,-,-,3.966666666666667,-,-,3.6,-
-,3.9285714285714284,-,-,-,-,-,-,-,4.25,-,-,-,5.0,5.0,-,-,-,-,4.0
-,-,-,-,-,-,4.375,4.0,-,-,5.0,-,-,-,4.454545454545454,-,-,-,4.0,-
-,-,-,-,-,-,-,-,-,-,-,-,5.0,-,5.0,-,4.6,4.3125,-,5.0
-,-,-,-,-,-,3.5714285714285716,4.0,-,-,-,-,-,-,3.6666666666666665,-,-,-,4.0,3.5
-,4.25,4.090909090909091,4.045454545454546,-,-,-,-,4.107142857142857,-,-,-,-,-,-,-,-,-,4.5,-
-,-,-,-,-,-,4.416666666666667,-,-,4.45,-,5.0,-,5.0,-,-,-,-,-,5.0
-,-,-,-,-,-,4.0,-,4.083333333333333,-,-,-,-,-,4.0,4.0,-,-,4.0,-
-,-,4.5,-,-,-,-,-,-,4.666666666666667,4.6,-,-,4.75,4.25,-,-,-,-,-
-,-,-,-,-,-,3.2465753424657535,3.727272727272727,-,-,3.2222222222222223,-,-,3.375,3.1714285714285713,-,-,-,-,-
-,5.0,4.25,4.0,-,-,4.5,-,-,-,-,-,-,-,4.0,-,-,-,-,-
-,4.375,-,-,-,-,-,-,-,-,-,4.666666666666667,-,-,4.5,-,-,4.666666666666667,-,4.5
-,-,-,4.0,4.0,-,-,-,3.7142857142857144,4.0,-,-,-,-,-,-,-,-,5.0,-
-,-,-,4.25,4.388888888888889,-,-,-,-,-,-,-,-,4.25,-,-,-,-,4.4,4.571428571428571
-,-,-,-,-,-,3.5833333333333335,-,3.7857142857142856,-,-,-,-,-,3.6666666666666665,-,-,-,4.2,4.0
-,4.53125,-,-,-,-,4.545454545454546,-,-,-,-,4.5,-,-,4.59375,-,-,4.576923076923077,-,-
-,-,-,-,-,-,-,-,3.537313432835821,-,4.0,3.5789473684210527,-,-,3.7777777777777777,-,-,-,3.8333333333333335,-
-,-,-,-,-,-,4.25,-,-,4.083333333333333,-,-,-,-,4.5,4.117647058823529,-,-,-,4.625
-,-,-,-,-,-,4.833333333333333,5.0,-,-,-,-,5.0,-,5.0,-,-,4.444444444444445,-,-
-,-,-,-,-,-,-,-,3.2,-,-,-,-,3.1136363636363638,-,3.207317073170732,-,-,3.2222222222222223,4.5
-,-,-,4.205882352941177,4.166666666666667,-,-,-,-,-,4.5,-,-,4.2,4.270833333333333,-,-,-,-,-
-,4.142857142857143,-,-,-,-,-,-,4.416666666666667,-,-,-,-,-,4.5,4.333333333333333,-,-,4.5,-
-,4.483333333333333,-,-,-,-,4.625,-,-,-,-,-,4.666666666666667,-,-,-,-,-,4.875,4.75
-,-,-,-,4.4,-,4.333333333333333,-,-,-,-,4.666666666666667,4.5,-,-,-,-,-,5.0,-
-,-,-,-,-,-,4.083333333333333,-,4.2272727272727275,4.0,-,4.0,-,-,-,-,-,3.9375,-,-
-,3.9,4.230769230769231,-,-,-,-,-,-,4.0,-,-,4.5,-,-,-,4.25,-,-,-
-,-,-,-,-,-,-,-,-,-,5.0,4.5,-,-,4.4,-,4.428571428571429,4.333333333333333,-,-
-,-,-,-,-,-,-,-,3.6875,-,-,4.0,4.0,3.5,-,-,-,-,3.5,-
-,-,-,-,-,-,4.25,-,-,-,-,4.5,-,-,5.0,-,-,4.2,5.0,-
-,-,-,4.75,4.75,4.625,-,-,-,-,-,-,-,-,-,4.785714285714286,-,-,-,4.75
-,4.125,-,-,-,-,-,-,3.9183673469387754,-,-,4.5,-,4.0,-,-,-,-,4.333333333333333,-
-,-,-,-,-,-,4.333333333333333,-,4.0,-,-,-,-,-,4.0,-,-,3.625,4.0,-
-,-,-,4.0,4.222222222222222,-,-,4.333333333333333,-,-,4.166666666666667,-,-,-,-,-,-,-,4.269230769230769,-
-,-,-,-,-,-,4.625,-,-,4.142857142857143,5.0,-,4.5,-,4.75,-,-,-,-,-
-,-,-,-,-,-,3.9782608695652173,-,3.9444444444444446,-,-,-,4.166666666666667,-,-,-,-,-,4.1,4.0
-,-,-,-,-,-,-,3.6666666666666665,-,-,5.0,-,3.263888888888889,-,-,-,-,-,3.4402985074626864,3.32
-,-,-,3.5833333333333335,-,-,-,-,-,-,3.875,-,-,3.8333333333333335,-,-,-,-,3.6904761904761907,3.5
-,-,-,-,-,3.7916666666666665,-,-,-,-,-,-,-,4.0,4.5,3.75,-,-,4.166666666666667,-
-,-,-,4.142857142857143,-,-,-,-,4.146198830409356,-,-,-,-,4.142857142857143,-,4.150943396226415,-,-,4.142857142857143,-
-,-,-,-,-,4.363636363636363,4.5,-,4.4,-,-,-,-,5.0,-,4.25,-,-,-,-
-,-,4.0,-,-,-,-,-,-,4.0,-,-,-,-,4.0,-,4.0,-,4.0,-
-,3.857142857142857,-,-,-,-,-,-,4.0,-,-,-,5.0,-,-,-,3.888888888888889,-,4.0,-
-,-,-,-,-,-,3.9375,-,3.6346153846153846,-,3.5,-,-,-,3.5576923076923075,-,-,-,3.7916666666666665,-
-,-,-,-,-,-,3.0927835051546393,-,3.0434782608695654,3.0290697674418605,-,-,-,-,3.227272727272727,-,-,-,3.1,-
-,-,-,-,-,-,4.083333333333333,4.0,4.0,-,-,-,-,-,4.5,-,-,-,4.5,-
-,4.071428571428571,-,4.0,-,4.25,-,-,-,-,-,4.05,-,-,-,-,-,-,4.25,-
-,-,-,3.613095238095238,-,-,-,3.68,-,-,3.85,-,-,3.7222222222222223,-,-,-,-,3.5869565217391304,-
-,-,-,4.333333333333333,-,-,-,-,3.91025641025641,3.5833333333333335,4.0,-,-,-,-,3.727272727272727,-,-,-,-
-,-,-,-,-,-,4.636363636363637,5.0,-,-,-,-,-,5.0,-,-,-,-,4.75,5.0
-,3.473684210526316,-,-,-,-,3.769230769230769,-,-,-,-,-,-,-,4.0,-,3.5,3.4347826086956523,-,-
-,-,-,5.0,-,-,4.6,5.0,-,-,-,-,-,-,-,4.636363636363637,-,-,4.666666666666667,-
-,-,-,4.1,4.2,-,-,4.166666666666667,-,4.40625,-,-,4.5,-,-,-,-,-,-,-
-,4.382352941176471,-,-,-,-,-,-,-,4.3125,-,-,-,-,-,4.3125,4.333333333333333,-,4.4375,-
-,-,-,4.0,3.625,-,-,-,-,3.8,-,-,-,-,-,3.75,-,-,4.0,-
-,-,-,-,4.25,-,-,-,4.219512195121951,-,-,-,-,-,4.181818181818182,4.3,-,-,4.4,-
-,-,-,3.880434782608696,3.8507462686567164,-,-,-,-,-,-,-,4.0625,3.918181818181818,-,-,-,-,-,3.8461538461538463
-,-,-,3.857142857142857,-,-,-,-,3.84,-,4.0,-,-,4.166666666666667,-,-,-,-,4.125,-
-,-,-,-,-,-,3.6,-,-,-,-,-,5.0,-,-,3.85,-,3.7222222222222223,3.75,-
-,-,-,3.984375,-,-,-,4.166666666666667,3.6755725190839694,3.712121212121212,-,-,-,3.925,-,-,-,-,-,-
-,-,-,-,-,-,-,-,3.675324675324675,-,3.6666666666666665,3.5714285714285716,-,-,-,-,3.6818181818181817,-,4.0,-
-,-,-,-,-,-,-,-,3.7142857142857144,-,-,-,3.7,3.75,-,3.6666666666666665,-,-,3.8333333333333335,-
-,-,-,4.166666666666667,3.4,-,-,-,-,-,4.5,-,3.7,-,-,-,-,-,3.7058823529411766,-
-,3.933333333333333,4.363636363636363,4.333333333333333,3.7142857142857144,-,-,4.0,-,-,-,-,-,-,-,-,-,-,-,-
-,-,-,4.0,-,-,-,-,4.2,-,-,4.0,4.0,-,-,-,-,-,4.0,-
-,-,-,4.0,-,-,-,-,-,-,-,-,4.0,4.0,4.0,4.0,-,-,-,-
-,-,-,4.8,-,-,4.7727272727272725,-,-,-,-,-,5.0,4.75,4.857142857142857,-,-,-,-,-
-,-,-,-,4.8,-,-,-,-,4.796875,-,4.961538461538462,-,-,-,-,4.727941176470588,-,-,5.0
-,3.8035714285714284,-,-,-,-,-,-,-,4.0,-,-,4.0,-,-,-,-,-,4.038461538461538,4.066666666666666
-,-,-,4.4,-,4.411764705882353,-,-,-,-,-,-,5.0,5.0,-,-,4.615384615384615,-,-,-
-,-,-,4.111111111111111,-,-,-,5.0,-,-,-,-,4.666666666666667,4.0,-,-,-,-,4.333333333333333,-
-,-,-,-,-,-,4.366666666666666,-,4.404761904761905,-,-,-,4.4,-,-,4.333333333333333,-,-,-,5.0
-,-,-,-,-,-,3.9473684210526314,-,3.8641975308641974,-,-,-,4.1,-,3.85,-,-,-,3.875,-
-,-,3.8181818181818183,4.5,4.0,-,-,-,3.857142857142857,-,-,-,-,-,-,-,-,-,5.0,-
-,-,-,4.555555555555555,4.066666666666666,-,-,4.333333333333333,-,-,-,-,-,4.25,4.285714285714286,-,-,-,-,-
-,4.7727272727272725,-,-,-,-,4.5,-,-,-,-,-,4.5,-,-,-,4.666666666666667,-,4.75,-
-,-,-,3.5,-,-,3.4166666666666665,4.0,-,-,-,-,3.5,3.5,-,-,-,-,-,-
-,-,-,-,-,-,-,5.0,4.148571428571429,-,4.75,-,4.25,-,-,-,-,-,4.5,-
-,-,-,-,-,-,4.041666666666667,-,-,-,-,-,4.666666666666667,-,4.333333333333333,-,-,4.069767441860465,4.428571428571429,-
-,-,-,-,-,-,5.0,-,4.486486486486487,-,-,-,-,-,-,4.238095238095238,-,-,5.0,5.0
-,-,4.090909090909091,4.0,-,-,-,-,-,-,-,4.0,4.666666666666667,-,-,-,-,-,4.666666666666667,-
-,2.0,-,-,-,2.6538461538461537,-,-,3.06,-,-,-,-,-,-,3.1875,-,2.75,-,-
-,-,-,-,-,-,-,3.8,3.777027027027027,-,-,-,-,4.0,3.75,3.7857142857142856,-,-,-,-
-,4.142857142857143,-,-,-,-,4.125,-,-,-,4.0,-,-,-,-,4.25,-,-,-,5.0
-,-,-,-,-,3.6666666666666665,3.8,-,4.2,-,-,-,-,-,-,4.2,-,-,4.0,-
-,-,-,4.025510204081633,-,-,-,4.578947368421052,4.022332506203474,-,4.454545454545454,-,-,-,4.022988505747127,-,-,-,-,-
-,3.7142857142857144,-,-,-,-,-,4.0,-,-,-,3.7,-,-,4.0,-,4.0,-,-,-
-,-,-,-,-,-,4.1875,-,4.0,3.9285714285714284,-,-,-,-,-,3.888888888888889,-,-,-,5.0
-,4.0,-,-,-,-,-,-,4.285714285714286,-,-,4.5,-,-,-,-,-,4.125,5.0,-
-,-,-,-,-,-,4.285714285714286,5.0,-,4.375,-,-,-,4.277777777777778,4.3125,-,-,-,-,-
-,-,3.6,3.5,-,-,-,-,-,-,-,-,-,-,-,-,3.5555555555555554,-,4.333333333333333,3.8
-,-,-,-,-,-,4.75,-,4.705882352941177,-,-,-,5.0,-,-,-,-,-,5.0,5.0
-,-,-,-,-,-,-,3.772727272727273,3.5573622402890694,-,3.9390243902439024,-,-,-,-,-,-,-,3.6653846153846152,3.643835616438356
-,-,-,-,-,-,3.8421052631578947,-,3.717948717948718,-,-,4.666666666666667,-,-,4.0,-,-,3.7941176470588234,-,-
-,-,-,4.551724137931035,4.4772727272727275,-,-,-,-,4.144736842105263,-,-,4.166666666666667,4.25,-,-,-,-,-,-
-,-,-,3.661764705882353,3.5949367088607596,-,-,-,3.584967320261438,3.5838509316770186,3.75,-,-,-,-,-,-,-,-,-
-,-,-,5.0,4.0,-,4.0,-,-,4.0,-,-,-,-,-,4.142857142857143,-,-,-,-
-,-,-,-,-,-,-,-,-,-,4.25,4.5,4.333333333333333,-,4.375,-,-,-,-,4.0
-,-,-,3.75,3.75,-,4.0,-,-,4.0,-,-,-,-,-,-,-,-,3.75,-
-,-,-,-,-,-,4.291666666666667,4.5,-,-,5.0,5.0,-,-,4.166666666666667,-,-,-,-,-
-,-,4.5,5.0,-,-,-,-,-,4.625,-,4.666666666666667,-,-,-,4.3,-,-,-,-
-,-,-,-,-,-,4.25,-,4.433333333333334,-,-,-,-,-,4.166666666666667,4.5,-,-,5.0,-
-,3.2,-,-,-,-,3.0,-,3.3,-,-,-,-,-,-,3.75,-,-,-,4.0
-,-,-,-,-,-,3.625,-,-,-,-,-,4.0,-,-,3.625,-,-,3.933333333333333,3.5714285714285716
-,4.0,-,-,4.333333333333333,-,-,-,-,-,-,-,-,-,4.166666666666667,-,4.5,4.166666666666667,-,-
-,-,-,3.9696969696969697,-,-,-,-,-,-,-,-,4.0,-,4.3,-,-,-,4.0,4.333333333333333
-,4.75,4.222222222222222,4.166666666666667,-,-,4.25,-,-,-,-,-,-,-,4.25,-,-,-,-,-
-,-,-,-,-,-,3.6956521739130435,-,3.3793103448275863,-,-,-,-,-,4.0,-,-,3.58974358974359,4.0,-
-,4.5,-,5.0,-,-,-,-,-,-,-,-,5.0,-,-,-,4.433333333333334,-,4.75,-
3.6666666666666665,-,-,3.5,-,-,-,3.6153846153846154,-,-,-,-,-,3.4722222222222223,-,-,-,-,-,3.590909090909091
-,-,4.0625,-,-,-,4.15,-,-,-,-,-,-,4.25,-,-,-,4.064516129032258,4.2,-
-,-,-,-,3.625,-,-,-,3.6666666666666665,4.166666666666667,-,-,-,4.0,-,3.7142857142857144,-,-,-,-
-,-,-,-,-,-,4.0,-,3.9761904761904763,-,-,-,-,4.0,4.0,-,-,-,4.25,-
-,-,4.555555555555555,4.833333333333333,4.8,-,4.6,-,-,-,-,-,-,-,-,-,-,-,4.75,-
-,-,-,4.136363636363637,-,-,3.904255319148936,4.423076923076923,-,-,4.0,-,-,-,4.133333333333334,-,-,-,-,-
-,-,-,-,-,3.641304347826087,3.5833333333333335,5.0,-,-,-,-,-,-,3.5,3.392857142857143,-,-,-,-
-,-,-,-,-,-,-,-,3.44,3.3333333333333335,-,3.4,-,-,3.5,3.6666666666666665,-,-,-,-
-,-,-,-,-,-,4.409090909090909,-,4.033333333333333,-,-,-,4.1,-,4.2,-,-,-,4.5,-
-,-,-,4.342105263157895,4.02,-,-,4.5,-,-,-,-,4.222222222222222,-,3.966666666666667,-,-,-,-,-
-,-,2.8676470588235294,2.8636363636363638,-,-,-,-,-,-,-,-,3.1666666666666665,2.9444444444444446,3.0,-,-,-,-,-
-,-,4.75,-,4.666666666666667,-,-,-,4.71875,4.75,-,-,4.75,-,-,-,-,-,-,-
-,-,-,-,-,3.25,3.125,-,-,-,-,4.75,-,-,-,3.9,-,3.5,-,-
-,3.3333333333333335,-,-,-,-,3.25,-,3.230769230769231,-,-,-,-,-,3.0,-,-,-,3.0,-
-,-,4.111111111111111,-,-,3.75,3.8181818181818183,-,-,-,4.0,-,-,-,-,-,4.5,-,-,-
-,-,-,4.0625,-,-,4.071428571428571,-,-,-,4.25,-,4.25,4.2,-,-,-,-,-,-
-,-,-,5.0,5.0,-,-,-,-,5.0,-,-,-,5.0,-,-,-,-,5.0,-
-,-,-,4.333333333333333,-,-,-,-,4.1923076923076925,-,-,5.0,5.0,4.5,-,-,-,-,-,-
-,-,-,-,-,-,3.768292682926829,4.0,-,-,-,4.075,-,-,3.7222222222222223,-,-,-,3.8,-
-,4.8,-,-,-,-,-,-,-,-,-,-,-,5.0,5.0,-,-,-,5.0,5.0
-,3.7419354838709675,-,-,-,-,3.6129032258064515,-,-,-,-,3.7,4.0,-,3.6666666666666665,-,-,-,-,-
-,-,4.045454545454546,-,-,3.8055555555555554,-,-,-,4.0,-,-,-,-,-,-,-,3.875,-,5.0
-,-,-,4.5,4.5,-,-,-,-,-,-,-,-,4.5,-,-,-,4.375,4.5,-
-,-,-,3.6,3.0,-,-,-,3.375,-,-,-,-,3.6,-,-,-,-,4.0,-
-,-,-,4.1875,-,-,4.557142857142857,-,4.359550561797753,-,5.0,-,-,-,-,-,-,-,4.375,-
-,-,4.4,-,-,4.454545454545454,4.5625,5.0,-,5.0,-,-,-,-,-,-,-,-,-,-
-,-,-,-,-,-,4.083333333333333,4.0,-,-,5.0,-,-,-,3.8947368421052633,-,-,3.8085106382978724,-,-
-,-,-,-,-,-,-,-,-,4.625,-,4.625,-,5.0,4.5,-,-,4.5,-,-
-,4.5,4.5,-,-,-,4.5,-,-,4.5,4.5,-,-,-,-,-,-,-,-,-
-,-,-,-,-,4.6,4.4,-,4.322222222222222,-,-,-,-,-,-,-,-,4.305555555555555,4.214285714285714,-
-,4.333333333333333,4.071428571428571,-,4.0,-,-,-,-,-,-,-,5.0,-,-,-,-,4.0625,-,-
-,-,-,-,-,-,-,4.0,3.55,-,-,-,-,3.5,3.533333333333333,-,-,-,3.9375,-
-,-,-,-,-,-,-,-,-,-,-,-,4.5,-,-,4.75,-,4.1,5.0,5.0
-,3.3076923076923075,-,-,-,-,-,-,3.3461538461538463,-,-,-,-,-,-,-,3.3275862068965516,3.2941176470588234,3.5,-
-,-,-,4.0,4.666666666666667,-,-,-,-,4.333333333333333,-,-,-,4.5,-,-,4.666666666666667,-,-,-
-,-,-,3.6666666666666665,-,-,-,-,-,-,-,3.5714285714285716,-,-,-,-,-,3.4705882352941178,4.1,4.0
-,-,3.4782608695652173,3.4,-,-,-,-,-,-,-,-,3.3333333333333335,-,-,-,-,-,3.6,3.75
-,-,-,-,-,-,3.5595238095238093,-,-,-,-,3.8333333333333335,-,-,3.8260869565217392,-,-,3.5588235294117645,3.9,-
-,-,-,-,-,-,4.52,-,4.430555555555555,-,-,-,4.5,5.0,4.65625,-,-,-,-,-
-,3.7142857142857144,3.5,-,4.5,-,-,-,3.6,-,-,-,4.5,-,-,-,-,-,-,-
-,3.7142857142857144,3.6818181818181817,-,-,3.7857142857142856,-,4.5,-,3.6,-,-,-,-,-,-,-,-,-,-
-,-,-,4.0,-,-,-,-,-,-,-,4.0,5.0,4.5,-,-,-,-,4.25,-
-,-,-,3.5,3.5,-,-,4.0,3.5714285714285716,-,-,-,-,-,4.0,-,-,-,-,-
-,-,-,4.0,3.9285714285714284,-,-,-,3.5405405405405403,3.9375,-,-,-,-,3.5714285714285716,-,-,-,-,-
-,-,4.421052631578948,-,-,-,4.392857142857143,-,-,-,4.5,-,-,-,4.642857142857143,-,-,-,-,4.555555555555555
-,-,-,-,-,-,4.785714285714286,5.0,-,-,-,-,4.833333333333333,-,5.0,-,-,-,4.785714285714286,-
-,-,3.451219512195122,3.4054054054054053,-,-,-,-,3.4779411764705883,-,-,-,-,3.5,-,-,-,-,3.5357142857142856,-
-,-,-,-,-,-,-,-,-,-,-,-,3.6666666666666665,-,-,4.086956521739131,-,3.625,5.0,4.0
-,-,-,-,-,4.428571428571429,4.333333333333333,-,-,-,-,5.0,-,-,-,4.5,-,-,4.666666666666667,-
-,-,-,-,-,-,3.9615384615384617,-,-,-,5.0,-,-,-,4.5,-,-,-,3.9,3.8333333333333335
-,-,-,-,-,-,4.444444444444445,5.0,-,-,4.666666666666667,-,-,-,4.333333333333333,4.2727272727272725,-,-,-,-
-,-,-,4.0,-,-,4.25,-,4.142857142857143,-,-,-,-,-,-,4.0,-,-,4.0,-
-,3.9615384615384617,-,-,-,-,-,-,-,-,-,-,-,-,4.0,4.0,4.2727272727272725,-,4.666666666666667,-
-,-,-,4.3125,-,-,-,5.0,3.9611111111111112,3.9722222222222223,-,-,4.166666666666667,-,-,-,-,-,-,-
-,-,-,4.5,-,-,4.625,-,-,-,-,-,-,5.0,4.5,-,-,-,4.5,-
-,-,-,-,-,-,-,3.40625,3.2211538461538463,-,3.423076923076923,-,3.375,3.289473684210526,-,-,-,-,-,-
-,-,4.4491525423728815,4.458333333333333,-,-,-,4.625,-,4.515625,-,-,-,-,-,-,-,-,-,4.75
-,-,4.462264150943396,-,-,-,-,5.0,-,4.545454545454546,-,-,-,-,-,4.519230769230769,-,-,-,4.8
-,4.428571428571429,-,-,-,-,4.0,-,-,-,-,-,5.0,-,-,-,4.75,4.0,-,-
-,-,-,4.0,-,-,4.0,-,-,-,-,-,-,4.0,-,-,3.857142857142857,-,4.0,-
-,-,-,-,-,-,3.9,-,-,3.825,-,-,3.557142857142857,-,-,-,-,-,3.8,4.0
-,-,3.5833333333333335,-,-,-,4.166666666666667,-,-,-,-,-,-,-,4.5,-,4.2,-,4.0,-
-,3.8194444444444446,-,-,-,-,-,-,-,-,4.5,-,4.1,-,-,-,3.909090909090909,-,3.9,-
-,-,-,-,-,-,4.5,-,4.230769230769231,-,-,-,-,5.0,4.333333333333333,-,-,4.285714285714286,-,-
-,-,-,-,4.0,-,-,-,4.0,-,5.0,-,-,4.0,4.5,-,-,-,-,-
-,-,-,-,-,-,4.083333333333333,-,4.15,-,-,4.0,-,-,4.0,-,-,-,4.5,-
-,-,-,-,-,-,4.166666666666667,-,4.179775280898877,-,5.0,-,-,-,4.285714285714286,-,-,-,4.5,-
-,-,-,-,-,-,-,3.1666666666666665,-,-,4.0,-,-,2.9545454545454546,2.9926470588235294,-,-,-,-,3.125
-,-,-,-,-,-,3.75,-,-,-,4.0,-,-,-,3.8181818181818183,3.857142857142857,-,-,3.8333333333333335,-
-,4.070422535211268,-,-,-,-,-,-,4.345679012345679,-,-,-,-,-,-,-,-,4.025,4.352941176470588,4.2
-,-,-,-,-,-,3.217391304347826,-,3.2972972972972974,-,-,3.5,-,-,-,-,-,-,4.166666666666667,3.7142857142857144
-,-,-,4.454545454545454,4.2631578947368425,-,-,5.0,-,-,5.0,-,-,4.333333333333333,-,-,-,-,-,-
-,-,-,-,4.0,-,-,-,3.7142857142857144,-,-,4.0,-,-,-,4.041666666666667,-,-,-,3.5
-,-,-,-,-,3.7777777777777777,-,-,4.038461538461538,-,-,-,-,-,4.0,3.909090909090909,4.2,-,-,-
-,-,-,-,-,-,-,4.0,-,-,-,-,-,-,4.0,-,-,3.990566037735849,4.055555555555555,4.0
-,-,-,-,-,-,4.928571428571429,-,-,5.0,-,5.0,-,-,-,5.0,-,-,5.0,-
-,4.357142857142857,-,-,-,-,-,-,-,-,-,-,-,-,4.5,-,4.2,4.2727272727272725,4.5,-
-,4.8,4.916666666666667,5.0,4.538461538461538,-,-,-,-,-,-,-,-,-,-,-,-,4.8,-,-
-,-,-,-,5.0,3.7142857142857144,-,-,-,3.8333333333333335,-,3.8333333333333335,-,-,-,-,-,-,4.5,-
-,-,-,-,-,-,4.0625,4.75,4.175438596491228,-,-,-,-,-,4.1,-,-,-,4.166666666666667,-
-,-,-,-,-,-,4.541666666666667,4.666666666666667,-,-,4.8,-,-,-,4.434782608695652,-,-,-,4.545454545454546,-
-,-,4.2,5.0,-,-,4.090909090909091,-,-,-,-,-,-,-,-,-,-,-,4.5,5.0
-,-,3.607142857142857,3.7857142857142856,-,-,-,4.0,-,-,4.0,-,-,-,-,-,-,-,-,4.2
-,-,-,-,-,-,-,-,3.4556962025316458,-,4.0,-,-,-,3.7777777777777777,3.5238095238095237,-,-,-,3.8333333333333335
-,-,-,-,4.5,4.5,-,-,-,4.666666666666667,-,-,-,-,5.0,-,-,-,5.0,-
-,-,-,4.412698412698413,-,-,-,-,4.295081967213115,-,4.625,-,4.416666666666667,-,4.354166666666667,-,-,-,-,-
-,-,-,4.238095238095238,-,-,-,4.0,-,-,-,-,4.5,-,4.117647058823529,-,-,-,4.071428571428571,-
-,-,4.0,5.0,-,-,-,-,3.88,-,-,-,-,-,-,-,-,-,4.111111111111111,4.166666666666667
-,-,-,-,-,3.8,3.8518518518518516,4.333333333333333,-,-,-,-,-,-,3.769230769230769,-,-,-,-,4.75
-,-,-,4.0,4.0,-,-,-,-,-,5.0,-,-,-,4.333333333333333,-,-,-,4.333333333333333,-
-,-,-,-,-,4.1875,4.214285714285714,-,-,-,4.5,-,-,-,4.4,4.666666666666667,-,-,-,-
-,-,-,4.75,-,-,4.333333333333333,-,-,4.15,-,-,-,4.5,-,-,4.1,-,-,-
-,-,-,3.5185185185185186,-,-,-,3.5714285714285716,3.422641509433962,-,-,3.6,-,3.3157894736842106,-,-,-,-,-,-
-,-,-,4.055555555555555,-,-,-,4.1,-,-,4.25,-,-,4.178571428571429,-,-,-,-,3.9242424242424243,-
-,-,-,-,-,-,3.8411764705882354,3.857142857142857,3.704697986577181,-,4.0,-,-,-,-,-,-,-,3.8,-
-,-,-,-,-,-,-,-,4.375,-,-,-,5.0,-,-,4.666666666666667,4.5,-,5.0,-
-,-,-,5.0,5.0,-,-,-,-,5.0,-,-,-,5.0,-,-,-,-,5.0,-
-,-,4.0,5.0,4.333333333333333,-,-,-,-,-,-,-,-,5.0,4.333333333333333,-,-,-,-,-
-,-,-,-,-,-,-,-,4.08,-,4.0,4.333333333333333,-,-,-,4.0,-,4.217391304347826,-,-
-,-,-,3.8333333333333335,-,-,-,3.888888888888889,-,-,4.333333333333333,-,-,-,-,-,-,-,3.9583333333333335,3.9166666666666665
-,-,-,3.4444444444444446,-,-,-,3.4921875,-,-,3.3947368421052633,-,3.3137254901960786,-,-,-,-,-,3.390845070422535,-
-,-,-,-,-,-,3.696969696969697,3.9375,-,-,4.25,-,-,-,4.0,-,-,-,3.883720930232558,-
-,-,-,-,-,-,4.0,5.0,4.333333333333333,-,4.0,-,-,-,-,-,-,-,4.4,-
-,4.6976744186046515,4.515151515151516,-,-,-,-,-,-,-,-,-,-,-,-,-,4.75,4.518518518518518,5.0,-
-,-,-,4.0,4.333333333333333,3.45,-,-,-,-,-,-,-,4.0,-,3.5,-,-,-,-
-,-,-,4.1875,-,-,-,4.25,-,4.043478260869565,-,-,4.333333333333333,-,-,-,-,-,4.4,-
-,-,4.0344827586206895,-,-,4.045454545454546,-,-,-,4.25,-,-,-,-,4.5,4.088235294117647,-,-,-,-
-,-,-,-,-,4.4,-,-,4.2,-,-,4.5,-,-,-,-,4.12,4.3076923076923075,-,-
-,-,-,4.1875,-,-,-,-,-,-,-,-,5.0,4.5,4.181818181818182,-,-,-,-,4.444444444444445
-,-,4.368421052631579,-,-,-,4.344827586206897,-,-,-,-,-,5.0,4.571428571428571,-,-,-,-,4.636363636363637,-
-,-,-,-,-,-,-,-,4.444444444444445,-,-,-,-,-,-,4.0,-,3.6153846153846154,4.75,4.0
-,-,-,3.735294117647059,-,-,-,-,-,-,4.0,-,-,3.75,-,-,3.921875,-,-,3.875
-,-,-,-,-,4.333333333333333,-,-,4.380952380952381,-,-,-,-,-,-,4.454545454545454,-,-,4.666666666666667,4.333333333333333
-,-,-,-,-,-,4.555555555555555,-,-,-,5.0,-,-,-,4.578947368421052,4.450980392156863,-,-,4.458333333333333,-
-,4.588235294117647,-,-,4.583333333333333,-,-,-,-,4.605263157894737,-,5.0,-,-,-,-,-,-,-,4.666666666666667
-,-,-,3.973684210526316,-,3.7278225806451615,-,-,-,-,-,3.765957446808511,-,-,3.782051282051282,-,-,-,-,3.9285714285714284
-,4.431818181818182,4.407407407407407,-,-,-,-,-,-,-,-,4.25,-,-,-,-,-,4.2439024390243905,4.666666666666667,-
-,-,-,-,5.0,-,4.475,-,-,-,-,-,4.5,-,-,-,4.458333333333333,-,-,4.5
-,-,-,-,-,-,4.090909090909091,-,4.0,-,5.0,4.0,-,-,-,4.6,-,-,-,-
-,4.071428571428571,4.088235294117647,-,3.5833333333333335,-,-,-,-,3.7777777777777777,-,-,-,-,-,-,3.9,-,-,-
-,4.2,4.1,-,-,-,-,-,4.75,-,-,-,-,-,-,4.5,4.0,-,-,-
-,-,3.75,-,4.0,-,-,-,3.8,-,-,4.0,-,-,-,-,-,-,3.8,-
-,-,3.804123711340206,4.085714285714285,-,-,-,-,-,3.7884615384615383,-,-,5.0,4.043478260869565,-,-,-,-,-,-
-,-,-,4.0,4.5,-,-,-,-,4.0,-,-,4.166666666666667,-,-,4.5,-,-,-,-
-,-,-,-,-,-,4.6022727272727275,-,-,-,4.5,4.495762711864407,4.535714285714286,-,-,-,4.568702290076335,-,-,-
-,-,-,4.162162162162162,-,-,-,-,4.194078947368421,-,-,-,5.0,4.375,-,-,-,-,4.392156862745098,-
-,-,-,4.5,-,-,-,4.714285714285714,-,-,4.4,5.0,-,-,-,-,-,-,-,5.0
-,-,-,4.3125,3.9,-,-,-,-,-,3.75,4.0,-,4.0,-,-,-,-,-,-
-,-,-,-,-,-,-,4.25,-,-,4.583333333333333,-,-,4.0,4.176470588235294,-,-,-,-,4.555555555555555
-,-,4.630434782608695,-,-,-,-,-,-,4.7272727272727275,-,4.666666666666667,4.666666666666667,-,-,-,4.625,-,-,-
-,-,-,3.75,-,-,-,-,-,-,4.0,-,4.0,3.8,-,-,-,-,3.6842105263157894,-
-,-,-,4.357142857142857,-,4.105263157894737,-,4.75,-,-,5.0,4.583333333333333,-,-,-,-,-,-,-,-
-,-,-,-,-,-,-,-,-,-,4.6,-,4.0,-,3.5866666666666664,-,-,-,3.5384615384615383,3.55
-,-,-,-,3.5,4.0,3.7857142857142856,-,3.7,-,-,-,-,-,-,4.0,-,-,-,-
-,3.0,-,-,-,-,-,-,3.0,-,-,5.0,-,-,-,2.8333333333333335,-,3.0,-,-
-,-,-,-,-,-,3.7051282051282053,-,-,-,3.5,3.5714285714285716,-,-,3.763157894736842,-,-,3.4607843137254903,-,-
-,-,3.857142857142857,3.75,-,-,3.619047619047619,4.0,-,-,-,-,4.25,-,-,-,-,-,-,-
-,4.035714285714286,-,4.0,4.0,-,-,-,-,-,-,-,-,-,4.142857142857143,-,-,4.130434782608695,-,-
-,-,-,3.6666666666666665,-,-,-,-,-,-,-,-,4.0,3.6666666666666665,5.0,-,-,-,4.0,-
-,-,-,4.666666666666667,-,-,4.671052631578948,-,-,4.717391304347826,4.75,-,-,-,4.638888888888889,-,-,-,-,-
-,-,-,4.5,-,-,-,-,4.161016949152542,-,4.45,4.133333333333334,-,-,-,-,-,-,-,4.416666666666667
-,-,-,4.333333333333333,4.5,-,-,-,-,-,4.5,-,-,4.75,-,-,4.5,-,-,-
-,-,-,4.029411764705882,-,-,-,-,4.2317073170731705,-,4.5,-,-,4.3,4.1,-,-,-,-,-
-,3.25,-,-,-,-,-,-,3.3,5.0,5.0,-,-,-,-,-,-,-,4.0,-
-,-,-,-,-,-,3.793103448275862,-,3.7521008403361344,3.7941176470588234,-,-,3.8,-,-,-,-,-,-,4.166666666666667
-,-,-,-,-,-,3.5714285714285716,-,3.1875,-,5.0,-,-,-,-,3.4444444444444446,-,-,-,3.5
-,2.892857142857143,-,3.0,-,-,-,-,-,-,3.0,-,3.0,-,-,-,-,-,3.0,-
-,-,-,-,-,-,3.736111111111111,-,3.7685185185185186,-,5.0,-,-,-,-,-,-,3.7051282051282053,4.28125,-
-,-,-,-,-,-,-,-,-,-,4.5,-,5.0,5.0,4.666666666666667,-,-,-,4.2,-
-,-,3.6666666666666665,-,-,-,-,-,3.888888888888889,3.6666666666666665,-,-,-,4.0,-,-,-,3.7,-,-
-,3.976923076923077,3.8555555555555556,-,-,-,-,-,-,-,-,-,5.0,-,3.8,-,4.0394736842105265,-,-,-
-,-,3.5,4.25,4.25,-,-,-,-,-,-,-,-,3.75,-,3.58974358974359,-,-,-,-
-,-,-,3.9365079365079363,-,-,-,4.142857142857143,3.683406113537118,-,4.071428571428571,-,-,-,-,-,-,-,3.6530612244897958,-
-,-,-,-,-,-,-,4.6,-,-,4.5,-,4.333333333333333,4.375,-,-,-,-,4.352941176470588,-
-,3.772727272727273,-,-,-,-,4.0,-,-,-,-,-,5.0,-,-,-,4.222222222222222,4.142857142857143,-,-
-,-,-,-,-,-,3.875,-,-,-,-,5.0,3.6666666666666665,-,4.5,-,-,3.727272727272727,-,-
-,4.2,-,-,-,4.2727272727272725,4.166666666666667,-,4.0,-,-,-,-,-,-,-,-,-,4.428571428571429,-
-,-,-,4.016666666666667,-,-,4.15,4.0,4.028985507246377,-,-,-,-,-,-,-,-,-,4.666666666666667,-
-,-,-,4.166666666666667,-,-,-,-,-,-,-,4.1,-,4.5,-,-,-,-,4.178571428571429,4.25
-,-,-,-,-,-,-,5.0,3.8,-,4.5,-,-,-,-,-,-,-,4.357142857142857,4.0
-,-,-,-,-,-,4.4,-,-,-,5.0,4.5,-,-,4.428571428571429,-,-,4.545454545454546,-,-
-,-,-,-,4.0,-,-,4.25,3.586206896551724,-,-,-,-,-,-,-,3.625,-,4.0,-
-,-,-,4.928571428571429,4.6923076923076925,-,4.909090909090909,-,-,4.782608695652174,5.0,-,-,-,-,-,-,-,-,-
-,-,3.0,3.0,2.6666666666666665,-,-,-,-,-,-,-,-,-,-,2.75,-,-,3.0,-
-,-,-,-,-,-,-,-,4.145833333333333,5.0,-,-,-,-,4.5,4.0625,-,-,-,5.0
-,-,-,-,-,4.2,4.5,-,4.25,-,-,-,-,-,-,4.3,4.166666666666667,-,-,-
-,-,3.5,4.0,4.0,-,-,-,-,-,-,-,-,-,3.5833333333333335,-,-,-,3.6666666666666665,-
-,-,-,-,-,-,-,-,-,-,4.0,-,-,-,3.8947368421052633,3.8076923076923075,-,3.8421052631578947,-,4.625
-,-,-,-,-,-,-,4.5,4.607142857142857,-,-,5.0,5.0,-,-,-,-,-,5.0,-
-,-,-,-,4.0,-,4.235294117647059,-,-,-,4.5,-,-,-,4.375,-,-,-,-,5.0
-,-,3.5,-,5.0,3.25,-,-,-,-,-,-,-,-,-,-,2.5,-,-,4.0
-,-,-,4.5,4.375,-,-,-,-,3.8333333333333335,-,-,-,4.833333333333333,-,4.2727272727272725,-,-,-,-
-,-,-,-,5.0,-,4.595238095238095,-,-,-,-,-,-,-,4.7,4.5,-,4.535714285714286,-,-
-,-,-,5.0,5.0,-,-,-,4.0,4.333333333333333,-,-,-,5.0,-,-,-,-,-,-
-,-,-,4.5,4.5,-,-,5.0,-,-,-,-,-,-,5.0,4.3,-,-,-,-
-,-,-,4.704918032786885,-,-,-,-,4.776470588235294,-,-,-,5.0,4.791666666666667,-,4.671232876712328,-,-,-,-
-,-,-,3.1666666666666665,-,-,-,5.0,3.15625,-,-,-,-,3.4,-,-,-,-,3.8333333333333335,-
-,-,5.0,-,5.0,-,-,-,-,-,-,5.0,5.0,5.0,-,-,-,-,-,-
-,-,4.0,-,-,4.111111111111111,4.428571428571429,-,4.5,-,-,-,-,-,-,-,-,-,5.0,-
-,-,-,4.0,4.0,-,-,-,-,-,-,5.0,4.0,-,-,-,-,-,4.333333333333333,-
-,-,-,4.318181818181818,4.1875,-,-,-,-,4.111111111111111,-,-,4.416666666666667,-,-,4.125,-,-,-,-
-,-,-,3.642857142857143,-,-,-,-,-,3.5714285714285716,-,-,4.0,3.6666666666666665,-,-,-,-,3.6666666666666665,-
-,-,-,-,-,-,-,4.5,-,-,-,3.3,4.0,-,-,-,-,-,4.5,4.0
-,4.142857142857143,-,-,-,-,4.333333333333333,-,-,-,-,-,-,-,4.0,4.0,4.5,-,-,-
-,-,-,-,-,-,-,4.2,-,3.6166666666666667,-,-,3.4130434782608696,3.3333333333333335,3.3666666666666667,-,-,-,-,-
-,-,-,-,-,3.8,4.0,5.0,3.8,-,-,-,-,-,-,-,-,-,4.666666666666667,-
-,-,-,4.0,3.5,-,-,-,3.6122448979591835,-,-,-,-,-,-,-,-,3.5625,3.75,-
-,-,-,5.0,-,-,-,5.0,-,4.666666666666667,-,-,-,4.75,-,-,-,-,-,4.75
-,-,-,-,-,4.333333333333333,4.6,-,-,-,-,5.0,-,-,-,-,-,4.090909090909091,4.333333333333333,-
-,-,-,-,-,4.230769230769231,-,-,4.1875,-,-,-,-,4.333333333333333,-,4.55,-,-,4.214285714285714,-
-,-,-,-,-,-,3.4262295081967213,-,3.328125,-,-,-,-,-,-,-,-,3.2941176470588234,3.4411764705882355,3.9
-,-,-,-,-,-,3.888888888888889,4.0,-,-,4.571428571428571,-,-,-,-,-,-,-,4.25,3.75
-,-,-,-,-,-,4.0,-,3.9594594594594597,-,-,-,4.0,4.0,-,-,-,-,4.166666666666667,-
-,-,-,-,-,-,-,2.95625,-,-,3.282608695652174,-,-,2.9177489177489178,-,-,-,-,3.1142433234421363,3.014450867052023
